{
  "baseline": {
    "fpr": [
      0.0,
      0.0,
      0.0,
      0.125,
      0.125,
      0.1875,
      0.1875,
      0.25,
      0.25,
      0.3125,
      0.3125,
      0.4375,
      0.4375,
      0.5,
      0.5,
      1.0
    ],
    "tpr": [
      0.0,
      0.0625,
      0.3125,
      0.3125,
      0.4375,
      0.4375,
      0.6875,
      0.6875,
      0.75,
      0.75,
      0.875,
      0.875,
      0.9375,
      0.9375,
      1.0,
      1.0
    ],
    "roc_auc": 0.82421875
  },
  "improved": {
    "fpr": [
      0.0,
      0.0,
      0.0,
      0.125,
      0.125,
      0.1875,
      0.1875,
      0.3125,
      0.3125,
      0.375,
      0.375,
      0.5,
      0.5,
      0.5625,
      0.5625,
      0.625,
      0.625,
      0.6875,
      0.6875,
      0.8125,
      0.8125,
      1.0
    ],
    "tpr": [
      0.0,
      0.0625,
      0.1875,
      0.1875,
      0.25,
      0.25,
      0.4375,
      0.4375,
      0.5,
      0.5,
      0.625,
      0.625,
      0.6875,
      0.6875,
      0.75,
      0.75,
      0.8125,
      0.8125,
      0.875,
      0.875,
      1.0,
      1.0
    ],
    "roc_auc": 0.640625
  }
}